title,servings,readyInMinutes,cookingMinutes,preparationMinutes,healthScore,spoonacularScore,pricePerServing,Calories,Carbohydrates,Fat,Protein,Saturated Fat,Sodium,Sugar,Cholesterol,Fiber,cheap,dairyFree,glutenFree,sustainable,vegan,vegetarian,veryHealthy,veryPopular,dishTypes,tipoComida,ingredientes
Red Lentil Soup with Chicken and Turnips,8,55,45,10,100.0,99.42807006835938,300.45,477.24,51.78,20.34,26.93,3.1,1335.78,10.55,29.75,23.79,False,True,True,False,False,False,True,True,"lunch, soup, main course, main dish, dinner",almuerzo/cena,"additional toppings: diced avocado, micro greens, chopped basil), 3 medium carrots, peeled and diced, 3 celery stalks, diced, 2 cups fully-cooked chicken breast, shredded (may be omitted for a vegetarian version), ½ cup flat leaf Italian parsley, chopped (plus extra for garnish), 6 cloves of garlic, finely minced, 2 tablespoons olive oil, 28 ounce-can plum tomatoes, drained and rinsed, chopped, 2 cups dried red lentils, rinsed, salt and black pepper, to taste, 1 large turnip, peeled and diced, 8 cups vegetable stock, 1 medium yellow onion, diced"
Asparagus and Pea Soup: Real Convenience Food,2,20,,,100.0,99.4174575805664,178.37,217.43,28.83,7.76,10.84,1.13,11.26,11.54,0.0,11.17,False,True,True,False,True,True,True,False,"antipasti, soup, starter, snack, appetizer, antipasto, hor d'oeuvre",snack,"1 bag of frozen organic asparagus (preferably thawed), 1T EVOO (extra virgin olive oil), a couple of garlic cloves, 1/2 onion, 2-3c of frozen organic peas, 1 box low-sodium vegetable broth"
Garlicky Kale,2,45,,,83.0,98.9435043334961,69.09,169.87,7.46,14.98,2.11,2.05,40.51,4.12,0.0,2.7,False,True,True,False,True,True,True,False,side dish,otro,"3 tablespoons balsamic vinegar, 1 clove garlic, minced, 1 bunch curly kale, stems removed and chopped, Olive oil"
Slow Cooker Beef Stew,6,490,480,10,100.0,98.84822845458984,270.41,433.82,40.53,11.63,44.24,4.47,1253.65,3.49,99.88,11.92,False,True,True,False,False,False,True,False,"lunch, soup, main course, main dish, dinner",almuerzo/cena,"1 14.5oz can of Beef Broth, 2 large carrots, chopped, 2 stalks celery, chopped, 1 26oz can Cream of Mushroom Soup, 3 green onions, chopped, 10 new (red)potatoes, 1 small onion chopped, ½ cup Dale's Seasoning, 2 pounds stew meat, 2 cups water"
Red Kidney Bean Jambalaya,6,45,,,96.0,98.81859588623047,168.43,392.8,69.36,6.45,18.13,0.96,1111.47,10.19,0.0,16.25,False,True,True,False,True,True,True,False,"lunch, main course, main dish, dinner",almuerzo/cena,"2/3 cup dried brown rice (2 cups cooked), 2 medium carrots, sliced, 2 stalks celery, sliced, 1 teaspoon celery seed, 2/3 cup dried kidney beans (2 cups cooked), 1 teaspoon dried marjoram, 2 teaspoons dried thyme, 1 medium eggplant, chopped, 2 cloves garlic, minced or crushed, 3 handfuls of green beans, chopped, fresh ground black pepper, 2 teaspoons ground sage, 1/2 to 1 teaspoon liquid smoke, to taste, 2 tablespoons olive oil, 1 red bell pepper, seeded and chopped, 1 small white or red onion, diced, 1 1/2 teaspoons sea salt, or to taste, 1 teaspoon sriracha or other hot sauce, 2 medium tomatoes, diced, 3 cups vegetable stock"
"Cauliflower, Brown Rice, and Vegetable Fried Rice",8,30,15,15,51.0,98.71629333496094,119.36,248.3,28.91,12.96,7.06,4.18,444.09,3.23,0.0,5.81,False,True,True,False,True,True,False,True,"side dish, antipasti, starter, snack, appetizer, antipasto, hor d'oeuvre",snack,"2 tablespoons grapeseed oil, 2 tablespoons coconut oil, 7 scallions, chopped (keep white/light green ends separate from dark green tops), 5 cloves of garlic, chopped, head of cauliflower, raw, 3 cups of cooked brown rice, cold, 2 cups cooked broccoli, chopped small, 1 cup frozen peas, 3 T reduced-sodium soy sauce, 2 teaspoons toasted sesame oil, toasted sesame seeds, optional, additional chopped scallion tops for garnish, salt, to taste"
Quinoa and Chickpea Salad with Sun-Dried Tomatoes and Dried Cherries,6,45,,,100.0,98.62958526611328,186.91,538.7,84.48,14.62,20.86,1.97,221.29,17.87,0.0,14.78,False,True,True,False,False,True,True,False,"lunch, main course, main dish, dinner",almuerzo/cena,"1/3 cup raw cashews, chopped or left whole, 1/3 cup dried cherries, 1/2 cup dried chickpeas (1 1/2 cups cooked or 1 14 oz can), 1/2 teaspoon dried thyme, 1/2 teaspoon ground cumin, 1 1/2 tablespoons honey, 1 medium orange, juiced, 2 tablespoons olive oil, 1 cup dried quinoa (2 cups cooked), 2 teaspoons red wine vinegar, sea salt and fresh cracked black pepper to taste, 1/2 cup sun-dried tomatoes, 1/2 teaspoon turmeric"
Easy Homemade Rice and Beans,2,35,,,60.0,98.6249008178711,106.02,445.69,86.11,4.09,19.14,0.7,1058.31,7.35,0.0,19.36,False,True,True,False,True,True,True,True,"side dish, lunch, main course, main dish, dinner",almuerzo/cena,"1 15-ounce can black beans, not drained, 1 10-ounce can Rotel tomatoes with diced green chilies, not drained, 2 tsp chili powder, 1/2 tsp cumin, 1/4 tsp ground black pepper, optional: 4-5 dashes of hot sauce, 1 tsp olive oil, 1/4 cup onion, chopped, 1/2 cup uncooked rice, 3 Tbsp water"
Tuscan White Bean Soup with Olive Oil and Rosemary,6,45,,,94.0,98.55391693115234,49.7,242.41,43.37,1.29,16.13,0.26,206.16,2.23,0.0,10.66,False,True,True,False,True,True,True,False,"lunch, soup, main course, main dish, dinner",almuerzo/cena,"1 bay leaf, 1 tablespoon chopped fresh rosemary, 6 cloves garlic, 1 teaspoon olive oil, 1 medium onion, chopped, Salt, 2 tablespoons water, 2 cups dried white beans, such as great northern or cannellini"
Crunchy Brussels Sprouts Side Dish,4,30,,,100.0,98.45755004882812,169.38,231.8,19.79,15.91,7.94,2.03,64.76,5.33,0.0,8.18,False,True,True,False,False,True,True,False,side dish,otro,"¼ tsp black pepper, 800 g Brussels sprouts, trimmed (or 1 kg untrimmed), 1 tsp Dijon mustard, ½ tsp of honey, 3 Tbs olive oil, 2 Tbs red wine vinegar, ¼ cup walnuts, toasted, coarsely chopped"
Slow Cooker: Pork and Garbanzo Beans,6,45,,,100.0,98.12767791748047,298.81,586.78,48.51,14.04,65.78,3.34,914.69,8.63,142.88,14.09,False,True,True,False,False,False,True,False,"lunch, main course, main dish, dinner",almuerzo/cena,"2 tsp cinnamon, 1 Tbsp dried cumin, 16 oz bag of dried garbanzo beans (rinsed, but not soaked) *1, 2 tsp ground black pepper, 1 small onion, sliced, 3lb Pork Should Roast – bone-in, 2 tsp salt, 4 cups of water (also see “Notes” at bottom of recipe) *2"
Powerhouse Almond Matcha Superfood Smoothie,2,10,,,52.0,98.10945892333984,259.09,281.18,33.78,12.94,10.33,0.93,252.79,20.05,0.0,7.08,False,True,True,False,False,False,False,False,"morning meal, brunch, beverage, breakfast, drink",desayuno,"2 tablespoons unsalted natural almond butter, 1 1/2 cups unsweetened almond milk, 1 medium frozen banana, 2 teaspoons chia seeds, 1 cup baby kale, packed, 1/2 cup frozen mango pieces, 1 tablespoon matcha green tea powder, 3/4 cup frozen pineapple, 1/2 teaspoon vanilla extract"
Broccolini Quinoa Pilaf,2,30,,,74.0,98.0940933227539,414.24,625.07,71.66,30.69,19.85,3.32,971.81,6.45,0.0,9.56,False,True,True,False,True,True,True,False,"side dish, lunch, main course, main dish, dinner",almuerzo/cena,"1 bunch broccolini, trimmed, 1 garlic clove, minced, 1 tbsp olive oil, ½ cup onion, 1 cup quinoa, rinsed, 2 cups vegetable broth, 2 oz chopped walnuts"
Easy To Make Spring Rolls,4,45,,,100.0,98.0363540649414,377.64,161.61,28.28,2.0,13.32,0.14,1245.15,9.93,32.38,5.84,False,True,True,False,False,False,True,False,"fingerfood, antipasti, starter, snack, appetizer, antipasto, hor d'oeuvre",snack,"1/2 cup Thai basil or you can use regular basil, small head of Boston lettuce, roughly chopped, small chili pepper, finely chopped, 1/4 cup fish sauce, 1/2 cup coriander (cilantro) leaves, 1 clove garlic, 2 tablespoons fresh lime juice, 1/2 cup mint leaves, red bell pepper, thinly sliced, 1/4 cup rice vinegar, 8 large cooked shrimp, slice in half lengthways, 8 large (8-inch) spring roll wrappers, 1 tablespoon sugar, 1/4 cup water, Nuoc Cham (dipping sauce), Nuoc Cham (dipping sauce)"
Farro With Mushrooms and Asparagus,4,75,,,80.0,97.87763977050781,394.03,365.28,61.53,9.37,12.3,1.57,376.22,5.8,3.6,12.77,False,True,False,False,False,True,True,False,side dish,otro,"1 bunch asparagus, cut into ¼ pieces, 2 cups chicken stock, 1 ounce dried porcini mushrooms, 8 ounces farro, 1 tablespoon chopped fresh thyme, 2 cloves of garlic, finely chopped, 2 tablespoons olive oil, 1 medium onion, chopped, Salt and pepper, to taste, 3 tablespoons sherry vinegar"
Butternut Squash Frittata,1,45,,,100.0,97.8530502319336,340.39,462.09,96.03,3.99,23.89,2.28,336.24,23.67,7.42,16.56,False,False,True,False,False,False,True,False,"lunch, main course, morning meal, brunch, main dish, breakfast, dinner",desayuno,"1 large butternut squash, peeled, seeded, thinly sliced (with a mandoline), 1/2 oz goat cheese, 1/2 cup liquid egg substitute, 2 tbsp. non-fat milk, Pepper to taste"
Herbivoracious' White Bean and Kale Soup,6,45,,,100.0,97.81668853759766,78.07,331.54,46.27,9.98,16.99,1.45,432.44,3.03,0.0,11.86,False,True,True,False,True,True,True,False,"lunch, soup, main course, main dish, dinner",almuerzo/cena,"1/4 cup extra-virgin olive oil, plus additional for garnish, 1 medium onion, finely diced, 1 whole head garlic, peeled and minced, 1 carrot, finely diced, 1 teaspoon kosher salt, 2 bay leaves, 1 teaspoon minced fresh rosemary leaves, 1 or more of the following: 1 Parmesan rind or 3/4 ounce dried porcini mushrooms or 2 tablespoons vegetable broth powder (gluten-free if needed), 2 cups dried white beans such as cannellini or navy, rinsed and picked over, 7 cups water, 1 bunch dinosaur (lacinato) kale, stems stripped and discarded, leaves cut into ribbons and thoroughly washed, Juice of 1 lemon"
Tomato and lentil soup,4,45,,,100.0,97.75595092773438,115.56,340.11,50.72,8.08,18.31,1.13,377.99,7.6,0.0,22.52,False,True,True,False,True,True,True,False,"lunch, soup, main course, main dish, dinner",almuerzo/cena,"2 Tbs olive oil, 1 onion, chopped, 2 cloves garlic, minced, 3 carrots cut into cubes, 480g canned chopped tomatoes, 1 bay leaf, 1.3 l water, 250 g lentils, ¼ tsp salt, 1 bunch chopped parsley"
Swiss Chard Wraps,6,45,,,90.0,97.75397491455078,81.56,137.21,8.63,11.2,3.61,1.64,116.19,2.75,0.0,4.43,False,True,True,False,True,True,True,False,side dish,otro,"6-7 large swiss chard leaves, rinsed and dried, 1 small head of orange cauliflower, 1 1/2 Tbs olive oil, 3 cloves garlic, pressed or minced, pinch of salt, 1 sprig of fresh basil, leaves finely chopped, 1 medium zucchini (courgette), 1 large red pepper, thinly sliced, 1 medium avocado, sliced, 3-4 Tbs Trader Joe's Asian Style Spicy Peanut Vinaigrette (or your favorite sauce)"
Corn Avocado Salsa,2,25,,,71.0,97.75215148925781,130.73,237.36,26.27,15.58,4.62,2.25,13.83,2.32,0.0,9.23,False,True,True,False,True,True,True,False,"antipasti, condiment, starter, snack, appetizer, dip, antipasto, hor d'oeuvre, spread",snack,"1 Avocado, 1 teaspoon Balsamic vinegar, 1 teaspoon Cumin, 3/4 cup Corn, freshly hulled (You can also use frozen corn, thawed), 1 clove garlic, 1/2 medium Red Pepper"
Cheesy Chicken Enchilada Quinoa Casserole,4,30,15,15,38.0,97.69828796386719,262.25,594.1,68.04,23.79,34.23,9.04,1709.61,14.56,62.32,17.73,False,False,True,False,False,False,False,True,"side dish, lunch, main course, main dish, dinner",almuerzo/cena,"1 small Avocado (chopped), ½ tsp black pepper, 1 (15oz) can of black beans (I like the low sodium version), 1 (10oz) can of tomatoes with green chilis, ½ tsp chili powder, 1 cup cooked quinoa, ½ tsp cumin, 1 (10oz) can of verde enchilada sauce, fresh cilantro (2Tbsp and 2 tsp separated), green onion tops (chopped), 1 Roma tomato (chopped), salt to taste, 2 cups of shredded cheese (my favorite is the Kraft Mexican 4 cheese blend and one bag equals two cups!), 1 boneless skinless chicken breast (boiled and shredded), 1 (15oz) can of sweet corn (you are only going to use half of the can), ½ tsp white pepper"
Zesty Green Pea and Jalapeño Pesto Pasta,4,45,,,57.0,97.64311981201172,115.45,324.82,46.47,11.6,9.57,1.66,21.4,6.05,0.0,5.66,False,True,False,False,False,False,True,False,side dish,otro,"1 cup fresh basil leaves, 3/4 cup fresh mint leaves, 2 cloves garlic, chopped, 1 jalapeño, seeded and chopped, juice and zest from 1 lemon, 3 tablespoons olive oil, 1 1/4 cups fresh garden peas or defrosted frozen green peas, 3 cups dried fusilli or rotini pasta, pinch of sea salt, 1 shallot or small red onion, chopped, 4 sun-dried tomatoes, 1/4 teaspoon fresh ground black, green or white pepper"
Jade Buddha Salmon Tartare,2,45,,,89.0,97.63711547851562,696.04,382.32,5.13,24.91,34.26,3.62,271.27,0.95,93.55,1.24,False,True,True,False,False,False,True,False,"lunch, main course, main dish, dinner",almuerzo/cena,"12 ounces salmon, finely diced, 2 tablespoons chopped green onion, 1 tablespoon chopped chives, 1 tablespoon cilantro, 1 tablespoon thai basil, 2 teaspoons grated ginger, zest of 1 lime, good tablespoon of lime juice, 1 teaspoon champagne or rice vinegar, habanero sauce and minced green chile, salt and pepper, olive oil to coat"
Finger Foods: Frittata Muffins,1,45,,,49.0,97.6251220703125,295.92,654.73,12.9,44.88,49.45,19.26,964.99,5.84,1038.7,3.51,False,False,True,False,False,True,False,True,"morning meal, brunch, breakfast",desayuno,"3/4 cup chopped, cooked broccoli, 2 T chopped chives, 1 + 2 T cream or whole milk, 6 eggs, 1/3 cup minced orange pepper, salt and pepper, 1/2 cup shredded cheddar cheese, 1/3 cup seeded, chopped tomato"
Spicy Black-Eyed Pea Curry with Swiss Chard and Roasted Eggplant,6,45,,,71.0,97.58406066894531,94.05,128.72,23.17,2.2,6.73,0.34,551.5,7.24,0.0,8.23,False,True,True,False,True,True,True,False,"antipasti, starter, snack, appetizer, antipasto, hor d'oeuvre",snack,"2/3 cup dried black-eyed peas (2 cups cooked), 2 teaspoons curry powder, 1/2 teaspoon garam masala, 1 large globe or Italian eggplant, 1/2 teaspoon ground coriander, 1/2 teaspoon ground cumin, 1/2 teaspoon ground mustard powder, juice from 1 lemon (3 tablespoons), 2 teaspoons olive oil, 2 green or red chilies, seeded and finely chopped, 1 teaspoon sea salt, or to taste, 2 shallots, mined, 1 bunch Swiss chard, trimmed and chopped, 1 medium tomato, finely chopped, 5 tablespoons water, or more as needed"
Moroccan chickpea and lentil stew,3,30,,,96.0,97.5377426147461,126.12,465.29,82.4,7.26,20.02,0.93,758.7,5.03,0.0,15.55,False,True,False,False,True,True,True,False,"lunch, soup, main course, main dish, dinner",almuerzo/cena,"1 cup broccoli, 1 can chickpeas, rinsed and drained, 2 large carrots, chopped, 2 celery stalks, chopped ili 1/3 cup chopped celery root, ½ cup cooked lentils, 1 cup couscous, Fresh cilantro, optional, ⅛ tsp ground cinnamon, 2 tsp ground cumin, ½ tsp ground turmeric, 1 Tbs lemon juice, 2 tsp olive oil, 2 tsp paprika, Salt and pepper, 2-3 Tbs tomato paste, 1 ½ cups water"
Strawberry-Mango Quinoa Salad,4,45,,,66.0,97.1993179321289,187.33,353.62,45.92,16.8,7.78,2.35,208.34,14.33,0.65,6.46,False,False,True,False,False,True,True,False,"side dish, antipasti, salad, starter, snack, appetizer, antipasto, hor d'oeuvre",snack,"3/4 cup cucumber, 2 tablespoons chopped fresh mint, 1 T. honey, 2 T. lime juice, 1/2 t. lime zest, 1/2 mango, 1/4 c. olive oil, pepper, 1 c. quinoa, well rinsed, salt, 1 T. sour cream (or plain yogurt can be subbed), 1 1/2 cups strawberries, hulled and quartered, 1 1/2 c. water"
Caldo Verde - Portuguese Kale Soup,4,45,,,89.0,97.14779663085938,224.09,492.94,82.25,10.28,19.76,4.79,645.28,10.06,40.36,11.79,False,True,True,False,False,False,True,False,"lunch, soup, main course, main dish, dinner",almuerzo/cena,"1/2 large onion chopped, 3 carrots peeled and sliced, 3 garlic cloves smashed, 4 large yellow potatoes chopped, 2 chorizo links with casings removed, halved and chopped, 4 cups of chicken stock and 2 cups of water, 1 bunch of kale julienned, cup or 6 of water and 2 packets of Chicken Boullion, crushed red pepper flakes, salt and pepper to taste"
Moroccan Couscous and Chickpea Salad,6,45,,,56.0,96.97752380371094,187.17,483.46,53.47,25.22,13.96,3.33,638.24,3.31,0.0,8.86,False,True,False,False,True,True,False,False,side dish,otro,"1 teaspoon black pepper, 15 ounce can of chickpeas (garbanzo beans), rinsed and strained, 1/4 teaspoon cayenne, 1/4 teaspoon cinnamon, 1 1/2 cups couscous, 3 chopped green onions or scallions, 1/4 teaspoon ground ginger, 1/4 teaspoon ground nutmeg, 1 lemon, Olive oil, 1 cup chopped parsley, 1 cup shelled and unsalted pistachio nuts, 1 small red pepper, diced, Salt to taste, 1/2 teaspoon turmeric, 1 1/2 cups vegetable broth"
Easy Vegetable Beef Soup,8,150,120,30,65.0,96.96968841552734,345.26,565.84,55.76,19.15,45.43,7.71,1904.11,11.62,100.4,11.86,False,True,False,False,False,False,True,False,"lunch, soup, main course, main dish, dinner",almuerzo/cena,"3 lbs of boneless beef short ribs, 1/2 cup uncooked elbow macaroni, 16 cups of water 4 Qts, 1 28oz can diced tomatoes, 1 cup of small diced potatoes, 1 cup on thin sliced carrots, 1 cup thin sliced celery, 1 1/2 cups chopped onion, 1 15oz kernal corn (uncooked), 1 15oz can butter beans, 1 15oz can black – eyed peas, 2 bay leaves, 1 Tbsp garlic powder, 1 tsp celery salt, 1 Tbsp Worcestershire sauce, 1 Tbsp salt, 1 Tbsp fresh ground pepper, 1 Tbsp Italian seasoning, 2 beef bouillon cubes, 2 Tbsp dried parsley or fresh parsley"
Mango Fried Rice,2,45,,,45.0,96.96881103515625,151.08,486.24,95.36,4.03,15.96,1.03,404.1,4.39,7.74,4.94,False,True,True,False,False,False,False,False,"side dish, lunch, main course, main dish, dinner",almuerzo/cena,"2 cups of chicken stock, Seasoning cubes, 3 slices of mango cubed, 1 cup of rice, 1 cup of chopped vegetables, 1 scotch bonnet pepper"
Homemade Guacamole,4,45,,,34.0,96.87800598144531,91.76,170.13,10.91,14.83,2.32,2.15,8.48,1.62,0.0,7.19,False,True,True,False,True,True,False,True,"antipasti, condiment, starter, snack, appetizer, dip, antipasto, hor d'oeuvre, spread",snack,"2 Avocados, 1 1/2 Tbsp Chopped cilantro, 1 large lime (juiced), 1/2 tsp pepper, 1/4 cup chopped red onion, 1 Roma Tomato"
"Spicy Salad with Kidney Beans, Cheddar, and Nuts",1,10,,,78.0,96.82890319824219,458.2,719.45,51.2,49.33,26.74,11.22,351.63,4.84,30.0,17.91,False,False,True,False,False,True,True,False,"side dish, lunch, main course, salad, main dish, dinner",almuerzo/cena,"15 grams almonds, 1/2 avocado, 5 ml balsamic vinegar, 1/4 cup (30 grams) cheddar cheese, 1/2 cup (113 grams) cooked kidney beans, 150 grams mixed greens, 10 ml olive oil, 15 grams roasted salted cashews, 2-3 sundried tomatoes, 2 dashes (or more if you like it hot!) Tabasco"
Roasted Broccoli with Lemon and Garlic,4,45,,,70.0,96.82714080810547,30.33,58.24,8.0,2.43,3.28,0.41,328.45,1.96,0.0,3.04,False,True,True,False,True,True,True,False,side dish,otro,"5 cups Organic Broccoli Florets, 2 teaspoons Extra Virgin Olive Oil, 1 clove of garlic, or more, ½ teaspoons Ground Black Pepper, ½ teaspoons Lemon Juice, 1/2 teaspoon salt"
Spicy Indian-Style Hummus,12,45,,,40.0,96.8008041381836,43.68,133.79,15.34,6.38,5.24,0.85,203.18,2.76,0.0,4.23,False,True,True,False,True,True,False,False,"antipasti, condiment, starter, snack, appetizer, dip, antipasto, hor d'oeuvre, spread",snack,"pinch of asafetida, 1/4 teaspoon cayenne, 1 1/4 cups dried chickpeas, 1/4 cup fresh chives, chopped, 1-inch piece fresh ginger, chopped, 1/2 cup fresh parsley or cilantro, chopped, 2 cloves garlic, chopped, 1/2 teaspoon ground coriander, 1/2 teaspoon ground cumin, fresh ground black pepper to taste, juice from 1 lemon, 2 - 3 tablespoons olive oil (or more to achieve your desired consistency, 2 fresh green or red chilies, seeded and chopped, 1 teaspoon sea salt, or to taste, 1/4 cup tahini, 1 teaspoon turmeric"
"Stir Fried Quinoa, Brown Rice and Chicken Breast",1,45,,,66.0,96.79209899902344,357.8,750.02,84.81,19.53,57.79,6.45,355.42,4.49,161.3,7.18,False,False,True,False,False,False,True,False,"lunch, main course, main dish, dinner",almuerzo/cena,"1 teaspoon of suya spice or Yaji (optional), 1/2 cup of quinoa and brown rice mix, 1.5 teaspoon of melted butter, A handful of chopped carrots, 4 whole cherry tomatoes (optional), 1 chicken breast (Thinly sliced), 2 cloves of garlic, Seasoning cubes, A handful of chopped green pepper, 1 medium roma tomato, 1 scotch bonnet pepper (ata rodo), 1 chopped spring onion, 1 teaspoon of vegetable oil, 1 cup water"
Snap Pea and Green Bean Salad with Arugula Pesto,6,45,,,49.0,96.73948669433594,221.91,314.3,21.52,22.01,12.3,2.5,215.64,6.08,2.65,7.63,False,False,True,False,False,True,False,False,side dish,otro,"1 cup roasted almonds, 1 tablespoon slice almonds, 2 cups baby arugula, 4 basil leaves, ½ cup cilantro, ½ cup extra virgin olive oil (more as needed), 3 cloves of garlic, 1 cup micro greens or sprouts, zest from 1 lemon, ½ cup shelled pistachios, salt and black pepper, 1 pound snap peas, 1 pound green or wax beans, ½ cup plain yogurt or sour cream"
Skinny Kale Basil Pesto,3,45,,,81.0,96.67237854003906,105.92,70.01,4.36,5.01,2.96,1.03,278.49,0.7,2.9,1.26,False,False,True,False,False,False,True,False,"condiment, dip, sauce, spread",otro,"2 cups packed kale leaves, 1.5 cups packed basil leaves, 1/2 small lemon, juiced, 3 garlic cloves, 1 Tbs miso paste, 2 Tbs freshly grated parmesan cheese, 1/2 Tbs chopped walnuts, 1 Tbs water, 1/2 Tbs olive oil"
"Greek-Style Baked Fish: Fresh, Simple, and Delicious",4,30,,,42.0,96.66572570800781,303.59,344.33,28.01,12.4,27.77,3.62,419.71,2.85,69.31,1.89,False,False,True,False,False,False,False,True,"lunch, main course, main dish, dinner",almuerzo/cena,"1 bell pepper, Cooked rice, for serving, 1 tsp Dried basil, 2 – 3 oz. of crumbled feta cheese per pound of fish, 1 lb fish fillets, 2 Tablespoons olive oil per pound of fish, 1 tsp dried oregano, Freshly ground pepper, 1/2 Red onion, Salt & pepper, 1 tomato, ¼ cup white wine"
Spinach Salad with Strawberry Vinaigrette,1,45,,,79.0,96.56232452392578,338.97,321.81,29.95,12.73,22.03,3.38,341.17,18.33,55.14,6.47,False,False,True,False,False,False,True,False,"side dish, lunch, main course, salad, main dish, dinner",almuerzo/cena,"1 tbsp. sliced almonds, 1/4 cup – balsamic vinegar, 2 oz of chicken – cooked, 1 1/4 tsp. dijon mustard, 1/2 oz. feta cheese, 2 tsp. fresh thyme, 1/4 tsp. ground pepper, 1/2 shallot – chopped, 2 cups fresh spinach leaves, 2/3 cup strawberries - chopped, 4 strawberries - sliced, 1/4 cup water"
Salmon with roasted vegetables,2,45,,,100.0,96.49046325683594,520.46,495.53,44.62,18.41,38.53,2.78,121.03,10.3,93.5,8.99,False,True,True,False,False,False,True,False,"lunch, main course, main dish, dinner",almuerzo/cena,"1 potato, 1 parsnip, 1 carrot, 1 onion, sliced, 150 g cherry tomatoes, 2 salmon fillets, 1 tbsp olive oil, 1 tsp lemon juice, Salt, pepper and paprika for seasoning, 2 tsp of fresh rosemary and thyme, chopped"
Cod with Tomato-Olive-Chorizo Sauce and Mashed Potatoes,2,45,,,83.0,96.45564270019531,626.14,733.32,37.09,40.41,55.77,8.46,1554.36,6.85,143.0,7.02,False,True,True,False,False,False,True,False,"lunch, main course, main dish, dinner",almuerzo/cena,"50g pitted black olives, halved, 500 g cod fillets, fresh or frozen, 4 Tbs fresh parsley, chopped, Fresh parsley leaves, chopped, 1 Tbs lemon juice, 1 Tbs olive oil, 2 Tbs olive oil, 240g whole plum tomatoes, canned, 300 g potatoes, 100g fresh red pepper, trimmed, cut into small strips, ½ tsp salt, 100g chorizo or a semi-smoked sausage, cubed"
Vegetable Dip,3,45,,,100.0,96.44451904296875,183.58,209.88,32.71,3.6,15.62,1.78,229.17,14.37,9.8,7.29,False,False,True,False,False,True,True,False,"antipasti, condiment, starter, snack, appetizer, dip, antipasto, hor d'oeuvre, spread",snack,"1 package frozen chopped spinach, thawed & drained (10 oz), cup fresh onion, minced, 2 cups plain lowfat yogurt, Assorted raw vegetables for dipping"
Balsamic & Honey Glazed Salmon with Lemony Asparagus,2,60,,,82.0,96.41970825195312,443.76,301.22,18.46,14.45,25.18,1.85,310.27,12.74,62.37,2.73,False,True,True,False,False,False,True,False,"lunch, main course, main dish, dinner",almuerzo/cena,"2 tablespoons apple cider vinegar, 12 stalks asparagus, 1 tablespoon balsamic vinegar, 2 pinches (1/8 teaspoon) dried dill, 3 cloves garlic, minced, 1 tablespoon grapeseed oil, 1 teaspoon herbs de Provence, 1 tablespoon honey, Juice of half a lemon, Zest of 1 lemon, 0.5 pound salmon fillet, Salt and pepper, 2 tablespoons vegetable stock"
Curried Butternut Squash and Apple Soup,1,45,,,81.0,96.35318756103516,141.44,134.47,23.64,2.66,7.47,0.42,63.89,9.56,0.0,5.36,False,True,True,False,True,True,True,False,"antipasti, soup, starter, snack, appetizer, antipasto, hor d'oeuvre",snack,"1 cup chopped cauliflower (3.5 oz), 1/2 cup chopped butternut squash (2.5 oz), 1/2 cup peeled and chopped apple (2 oz), 1 cup water, plus about 1/2 cup extra, 2-3 tsp Braggs liquid aminos, 1/2 heaping tsp: curry powder (or even 1 tsp, if you like the heat), garlic powder, onion powder, 1/4 tsp ginger powder, a small squirt (1/8 tsp) sriracha, 1/8 block pressed lite firm tofu, cubed"
Amaranth and Roast Veggie Salad,2,45,,,100.0,96.31046295166016,246.69,360.99,43.97,18.02,9.32,2.75,214.87,8.01,0.0,6.82,False,True,True,False,True,True,True,False,"side dish, antipasti, salad, starter, snack, appetizer, antipasto, hor d'oeuvre",snack,"1/2 cup amaranth, basil-infused olive oil, pepper, 1/2 packet diced pumpkin, 1 red onion, few rocket leaves, herbal salt, 1/2 punnet (basket) baby tomatoes"
Carrot and Cabbage Salad With Coriander+cumin Dry Rub,1,25,,,100.0,96.27401733398438,139.83,222.26,32.14,10.22,6.08,1.12,167.29,14.2,0.0,9.78,False,True,True,False,True,True,True,False,"side dish, antipasti, salad, starter, snack, appetizer, antipasto, hor d'oeuvre",snack,"1 1/2 cups of carrots, 1/2 tsp cumin seed powder, 1 bunch of fresh coriander, 3/4 cup green cabbage, 1/2 tsp ground coriander, 1 Juice of lime, 1 teaspoon of olive oil, 3/4 cup red cabbage, 2 teaspoons of sunflower seeds"
Instant Pot Quinoa Grain Bowl,4,13,11,2,100.0,96.17208862304688,301.67,407.26,68.44,9.34,15.32,1.21,699.58,7.02,0.0,10.14,False,True,True,False,True,True,True,False,"lunch, main course, main dish, dinner",almuerzo/cena,"½ ripe avocado sliced, 1 cup chopped broccoli, fresh rainbow cherry tomatoes sliced, 1 clementine peeled, 2 cups of chopped kale, 2 cups quinoa, salt and pepper to taste, 1 cup baby brussell sprouts, 2 cups stock or broth"
Roasted Cauliflower Detox Bowl with Tahini Sauce,2,50,,,100.0,96.16374206542969,305.89,524.47,59.96,28.51,16.42,4.12,392.98,7.76,0.0,16.53,False,True,True,False,True,True,True,False,"lunch, main course, main dish, dinner",almuerzo/cena,"3 Large Kale Leaves, 1 clove garlic, 1/2 cup Quinoa, 1/4 Red Cabbage, 1 Avocado, 1/2 a Large Cauliflower, 1 tsp olive oil, 1/4 tsp Ground Cumin, garden cress, 1 head garlic roasted, 1/2 cup Raw Cashews soaked overnight in water, 2 tbsp Tahini, 4-6 tbsp Water or more, as needed, 1/4-1/2 tsp Kosher Salt"
Smoky Black Bean Soup With Sweet Potato & Kale,6,630,,,100.0,96.13623046875,262.42,554.93,102.54,7.45,23.32,1.17,1216.19,16.15,4.7,22.04,False,True,True,False,False,True,True,False,"lunch, soup, main course, main dish, dinner",almuerzo/cena,"6 cups Chicken Broth or Water, 3 tablespoons Chipotle chiles, 1 pound Dried Black Beans, 2 tablespoons Ground Cumin, 1 bunch kale, 2 tablespoons olive oil, 1 Onion – Chopped, Salt & Pepper, 3 lbs sweet potatoes"
Chorizo and Beef Quinoa Stuffed Pepper,4,30,10,20,34.0,96.09956359863281,369.37,685.04,32.52,37.03,51.15,14.39,127.46,3.34,147.47,4.83,False,False,True,False,False,False,False,True,"lunch, main course, main dish, dinner",almuerzo/cena,"bell peppers, ½ tsp cayenne, ¼ tsp chili powder, 1 pound chorizo, ¼ tsp cumin, green onion tops, ¼ cup mixed monterrey jack and cheddar cheese, 1 pound lean ground beef, 1 cup quinoa"
Alouette® Stuffed Mushroom Caps,8,45,,,52.0,96.07315826416016,150.29,30.37,5.54,0.45,1.89,0.07,71.13,1.06,0.04,1.48,False,True,False,False,True,True,False,False,"antipasti, starter, snack, appetizer, antipasto, hor d'oeuvre",snack,"3 tablespoons seasoned bread crumbs, 18 mushroom caps, 1 package (6.5 oz.) Alouette Garlic & Herbs or Alouette Spinach & Artichoke Spread"
Coffee-braised Short Ribs,5,45,,,100.0,96.06283569335938,704.87,877.28,59.47,41.52,73.71,15.44,1933.16,35.45,195.36,14.22,False,True,True,False,False,False,True,False,"lunch, main course, main dish, dinner",almuerzo/cena,"1 1/2 tablespoons ancho chile powder, 14 -s 1/2 ounce can diced tomatoes in juice, 2 tablespoons dark brown sugar, Chopped fresh cilantro, 6 garlic cloves, chopped, 1 1/4 teaspoons ground cumin, 1 large jalapeño, seeded and finely chopped, 2 tablespoons olive oil, 2 teaspoons dried oregano, 1 large red bell pepper, chopped, 5 pounds short ribs, 2 cups strong freshly brewed coffee, 1 tablespoon tomato paste, 1 large yellow onion, chopped"
Herb chicken with sweet potato mash and sautéed broccoli,4,45,,,81.0,95.8943099975586,312.55,709.73,78.19,24.56,46.51,6.7,393.48,13.83,123.91,12.86,False,False,True,False,False,False,True,False,"lunch, main course, main dish, dinner",almuerzo/cena,"1 medium head of broccoli, cut into florets, 1 x pack Maggi So Juicy Mixed Herbs, 1/4 cup olive oil (60 mL), 1 large Russet potato, peeled and diced, Freshly ground black pepper and salt, 1 1/2 pounds of boneless, skinless chicken breasts, 3 large sweet potatoes, peeled and diced, 2 tablespoons Chilled unsalted butter"
Chicken and Mango Skewer,1,45,,,68.0,95.88362884521484,450.95,478.53,82.08,8.16,31.21,1.85,1227.43,58.89,73.09,18.83,False,True,True,False,False,False,True,False,"lunch, main course, main dish, dinner",almuerzo/cena,"1/4 pound of Skinless Chicken Breast, 1 chicken stock cube, 2 medium Mangos (Or canned mango slices), 1 tablespoon Dry pepper (Chili flakes), 1.5 Tablespoon Suya seasoning mix, 1 cooking spoon of vegetable oil"
Crab Salad Stuffed Pita Pockets,2,25,,,88.0,95.8762435913086,590.1,417.83,53.99,6.4,38.75,0.93,1517.71,6.52,147.74,5.34,False,True,False,False,False,False,True,False,,otro,"1/2 small apple, finely chopped, 2 150g cans white crabmeat, 1/4 cup finely chopped coriander leaves, 2 tablespoons light mayonnaise, 2 wholewheat pita breads, salt & pepper to taste, 2 handfuls watercress, 1/4 medium yellow bell pepper, finely chopped"
Easy Roasted Vegetables,4,45,,,100.0,95.87141418457031,127.7,360.42,75.57,4.52,9.38,0.72,268.77,9.1,0.0,12.66,False,True,True,False,True,True,True,False,side dish,otro,"1/2 butternut squash, 3 beet roots, 6 potatoes, 1 tbsp olive oil, 2 tbsp paprika, 2 tbsp dried basil, salt & pepper"
Chilled Cucumber Avocado Soup with Yogurt and Kefir,3,45,,,40.0,95.8689956665039,209.51,188.75,24.49,7.28,8.99,1.6,263.83,15.25,6.07,6.64,False,False,True,False,False,True,False,False,"antipasti, soup, starter, snack, appetizer, antipasto, hor d'oeuvre",snack,"1/2 avocado, 5-6 persian cucumbers, small handful of grapes, juice of 1 lemon, 1/2 cup plain kefir (can substitute buttermilk), 1/2 cup plain Greek yogurt, 1/4 cup chopped red onion, salt and pepper, to taste, 4 scallions"
Turkish Chicken Salad with Home-made Cacik Yogurt Sauce,4,45,,,82.0,95.78740692138672,447.82,642.89,27.1,29.78,67.08,7.36,1271.03,16.12,188.41,7.02,False,False,True,False,False,False,True,False,"lunch, main course, main dish, dinner",almuerzo/cena,"1 carrot, grated, 1 cucumber, 3 small pieces garlic, 2 large pickled cucumbers / gherkins, sliced, 2 – 2 large Jalapeno peppers, Juice of 1 lemon, 1 small lebanese cucumber (or 1/3 of a large one), Lemon juice, I large head green gem lettuce, 1 cup olive oil, Handful chopped parsley, 1/4 red cabbage, thinly sliced, 1 small red onion, 1 whole roast chicken, Salt & pepper, 2 tomatoes, 250ml plain Turkish or Greek-style yoghurt"
Butternut Squash Soup (In Half An Hour!),8,30,,,86.0,95.78396606445312,124.5,251.7,42.38,6.49,8.73,1.3,666.45,5.97,0.0,8.51,False,True,True,False,True,True,True,False,"antipasti, soup, starter, snack, appetizer, antipasto, hor d'oeuvre",snack,"1 butternut squash, peeled, seeded and cut into small cubes, 1 can black-eyed peas, Collard greens (my choice), kale, spinach, beet greens, etc. cut into small pieces, Leftover cooked quinoa, 1 piece of kombu, Nutmeg, 2 T butter, ghee, or olive oil, salt and pepper, 1 32 oz. organic vegetable broth (I like the Pacifica brand for its lack of unnecessary ingredients), 1-2 small yellow onions, cut up"
Doughnuts,2,45,,,35.0,95.78199768066406,67.93,430.24,91.33,2.04,11.36,0.79,602.56,19.34,3.64,2.99,False,False,False,False,False,True,False,False,"morning meal, brunch, breakfast",desayuno,"1.5 cups of flour, 30 ml honey, 1 tablespoon of powdered milk, 1/2 teaspoon salt, 150 ml warm water, 1 teaspoon yeast"
Shredded Roast Beef Stuffed Sweet Potatoes (Whole 30 & PALEO),5,490,480,10,79.0,95.76319122314453,237.36,485.5,54.57,9.3,44.11,3.45,480.93,11.34,117.93,8.14,False,True,True,False,False,False,True,False,"lunch, main course, main dish, dinner",almuerzo/cena,"beef broth, 2 lb roast, salt and pepper to taste, 6 sweet potatoes"
Lentil Mango Salad,4,45,,,100.0,95.73619079589844,159.25,252.85,39.81,6.38,12.08,0.93,204.2,14.7,0.0,12.51,False,True,True,False,True,True,True,False,"side dish, lunch, main course, salad, main dish, dinner",almuerzo/cena,"1 bunch Cilantro, 1 pound cooked lentils, 1 clove garlic, 1 mango, 1/2 cup olive oil, pepper, 1 red bell pepper, 1 red onion, Salt, 1/4 cup white wine vinegar"
Gujarati Dry Mung Bean Curry,4,45,,,100.0,95.71466827392578,164.1,375.59,66.07,5.15,19.83,0.68,217.18,19.32,0.0,14.0,False,True,True,False,True,True,True,False,"lunch, main course, main dish, dinner",almuerzo/cena,"1 small pinch baking powder, 2 mediums hot chillies, minced, 1 teaspoon cinnamon powder, 1/4 cup chopped coriander, 2 teaspoons cumin seeds, 6 curry leaves, 1 tablespoon garlic, minced, 1 tablespoon lemon juice or to taste, 1 1/2 cups mung beans, 1 teaspoon mustard seeds, Salt to taste, Sugar to taste, 1 tablespoon sunflower oil, 1 medium tomato, chopped, 1/2 teaspoon turmeric"
Basil Tagliatelle with Roasted Red Bell Pepper Salad,4,45,,,100.0,95.6611099243164,407.11,379.36,57.81,13.8,10.63,2.24,670.68,15.21,41.67,8.81,False,True,True,False,True,True,True,False,"side dish, antipasti, starter, snack, appetizer, antipasto, hor d'oeuvre",snack,"200g ( - 7 ounces) whole wheat tagliatelle, 10 red bell peppers, medium, 4 garlic cloves, minced, 4 tbsp chopped parsley, 4 tbsp grated horseradish, 2 green onions, chopped, 4 tbsp lemon juice, 3 tbsp extra virgin olive oil, 1 tsp sea salt, 1/3 tsp ground pepper"
Peanut Butter and Jelly Smoothie,2,45,,,33.0,95.65876770019531,144.77,779.48,103.92,35.76,19.58,6.9,364.08,65.38,0.0,7.57,False,True,True,False,False,False,False,False,"morning meal, brunch, beverage, breakfast, drink",desayuno,"1 cup almond milk or other non-dairy milk (see my almond milk recipe), 2 bananas, smashed (I used frozen), 1/2 cup peanut butter, ½ cup strawberries (about 3 strawberries) or 1 Tbsp strawberry jam"
Moosewood Lentil Soup,6,45,,,100.0,95.65247344970703,74.36,396.33,66.22,3.55,25.65,0.42,231.64,6.86,0.0,31.05,False,True,True,False,True,True,True,False,"lunch, soup, main course, main dish, dinner",almuerzo/cena,"Freshly-ground black pepper, 1 tablespoon molasses or brown sugar, 1 cup chopped carrots, 1 cup minced celery, 3 pinches of dried herbs (thyme, oregano, or basil), 1 clove garlic, chopped,, 1 tablespoon grapeseed oil or butter, 2 tablespoons fresh lemon juice, 3 cups lentils, any type, 1 large onion, finely chopped, Red wine vinegar for the top, 1/2 teaspoon salt, medium ripe tomatoes, chopped, 1/4 cup Boiling water"
Crispy Panko and Herb Crusted Salmon,6,45,,,100.0,95.64918518066406,416.31,390.3,13.78,22.16,32.57,3.29,377.05,2.15,83.16,1.42,False,True,False,False,False,False,True,False,"lunch, main course, main dish, dinner",almuerzo/cena,"2 pound salmon fillet, 1/2 leek finely chopped (white part of the leek), 1/2 red pepper diced, 6 cherry tomatoes chopped, 2-3 tablespoons extra virgin olive oil, 1 1/2 cup panko crumbs, 1/2 cup Italian parsley finely chopped, 1 garlic clove finely chopped, zest of 1 lemon, 1/2 teaspoon salt, dash of pepper, 3 tablespoons extra virgin olive oil"
Cilantro Lime Halibut,2,45,,,68.0,95.55968475341797,881.11,422.05,6.39,21.96,43.58,3.32,397.65,1.61,112.03,0.61,False,True,True,False,False,False,True,False,"lunch, main course, main dish, dinner",almuerzo/cena,"1/4 cup chicken stock, A bunch of fresh cilantro, 2 green onions, chopped from the white part halfway up the green part, 2 (1/2 lb) Wild Pacific Halibut Filets, juice of lime, divided, Another slug of Blood Orange Olive Oil, 2 tsp Mollie Stone's Blood Orange Olive Oil (or regular olive oil), Dusting of garlic-pepper, Salt and pepper to taste, 1/4 cup white wine"
Broccoli Tartar,12,45,,,89.0,95.559326171875,105.84,139.54,19.61,5.84,5.88,0.86,349.7,2.68,0.0,6.26,False,True,True,False,True,True,True,False,side dish,otro,"1 tablespoon of apple vinegar, 1/2 broccoli, 2 peeled/ seeded tomatoes, 2 handfuls finely chopped parsley, 1 teaspoon large herbs de Provence, 1 tablespoon olive oil, 1 onion or 2 shallots, 1 red bell pepper, small pinch of red hot chili powder, sea salt to taste, toasted sesame seeds to decorate, dash of soy sauce, Colorful tartar on a bed of raw green vegetables. Also an excellent touch for yo, A hand blender, griddle or grill, 1 cup soaked arame (available in health food store), A hand blender, griddle or grill, 1 cup soaked arame (available in health food store)"
Spinach and Gorgonzola Stuffed Flank Steak,4,45,,,79.0,95.55866241455078,427.24,523.46,18.35,28.44,47.0,10.56,803.94,2.13,123.32,2.36,False,False,False,False,False,False,True,False,"lunch, main course, main dish, dinner",almuerzo/cena,"1 1 ½ to 2 pounds flank steak trimmed, 3 tablespoon olive oil, 1 shallot finely chopped, ½ pound spinach, washed, stemmed and chopped, ¾ cup fresh bread crumbs, ¼ pound Gorgonzola or other blue cheese, crumbled, Salt and pepper"
Vegetarian Mushroom Shepherd's Pie,12,45,,,66.0,95.53751373291016,116.49,113.26,23.59,4.96,4.77,0.85,220.57,6.3,0.0,5.36,False,True,True,False,False,False,True,False,"antipasti, starter, snack, appetizer, antipasto, hor d'oeuvre",snack,"1 kg red skin potatoes, 100g soy granules, 1 kg mushrooms, 1 carrot, 1 red bell pepper, 2 onions, diced, 1 bunch of dill, chopped, 1 bunch of parsley, chopped, 2 eggs ( or egg substitutes for vegans, you can also add 3-4 tbsp dry yeast flakes), sea salt, to taste, 1/2 tsp ground pepper, 1 tsp sweet paprika, 1 tbsp dry thyme, 2 tbsp unrefined sunflower oil"
Slow Cooker Chicken Taco Soup,6,485,480,5,28.0,95.53107452392578,141.43,311.77,49.24,3.78,24.33,0.67,955.98,13.08,36.16,12.17,False,True,True,False,False,False,False,True,"lunch, soup, main course, main dish, dinner",almuerzo/cena,"1 (15 oz.) can black beans, 2 (10 oz.) cans diced tomatoes with green chilis, 1 (15 oz.) can diced tomatoes, 1 (15 oz.) can chili beans, 1 (15 oz.) can whole kernal corn, 1 large red onion (finely chopped), 3 boneless skinless chicken breasts (cut into 1"" cubes)"
Broccoli with cheese soup,4,45,,,54.0,95.51541900634766,66.47,120.38,13.45,5.08,7.24,2.92,370.81,4.78,18.44,2.94,False,False,False,False,False,True,False,False,side dish,otro,"400 g broccoli florets, 2 Tbs flour, 1 cup whole milk, ⅛ tsp garlic powder, ¼ tsp salt, ¼ tsp ground pepper, 50 g feta cheese, crumbled, 50 g Swiss chesee, coarsely grated"
Ancient Grains Bread,14,45,,,74.0,95.40294647216797,82.62,284.82,53.89,2.99,12.73,0.42,132.72,9.91,1.71,7.09,False,False,False,False,False,True,True,False,bread,otro,"1 package instant yeast, 2 1/4 cups flour, 1 cup whole wheat flour, cup rye flakes, 3 tablespoons ground flaxseed, 3 tablespoons amaranth grain, cup quinoa, 1/4 cup soy flour, 1 1/2 tablespoons vital wheat gluten, cup skim milk powder, 1/2 teaspoon salt, cups warm water, 1/4 cup honey"
Garlic Lemon Chili Broccoli,2,30,,,100.0,95.3722915649414,155.62,453.0,26.18,37.65,10.25,5.42,354.54,6.37,0.0,9.73,False,True,True,False,True,True,True,False,"antipasti, soup, starter, snack, appetizer, antipasto, hor d'oeuvre",snack,"1 1/2 pounds broccoli, 3 cloves garlic, mashed, 2 tbsp lemon juice, 2 tbsp rice vinegar, 1/2 tsp Dijon mustard, 1/3 cup olive oil, red pepper flakes to taste, salt and pepper to taste"
Shrimp and Avocado Salad,4,45,,,100.0,95.29882049560547,1157.26,639.26,53.29,37.05,33.99,5.36,378.39,20.01,207.52,17.27,False,True,True,False,False,False,True,False,"side dish, lunch, main course, salad, main dish, dinner",almuerzo/cena,"The Shrimp, About 600gr of large tiger style shrimp (prawns/langoustine) peeled and cleaned, 2 x garlic cloves, crushed, 1 x tbsp olive oil, Juice of 1 lime, Salt and Pepper, The Salad, The leaves of 1 medium Cos lettuce finely shredded, 6/8 basil leaves chopped, 200gr sweet corn, 3 x spring onions (scallions) chopped finely, 600gr fresh pineapple cut into small cubes, 2 x avocados chopped into cubes, Avocado, The Dressing, 3 x tbsp olive oil, 3 x tbsp honey, Juice and zest of 3 limes"
"Vietnamese Pancakes with Vegetables, Herbs and a Fragrant Dipping Sauce (Bánh Xèo)",6,45,,,35.0,95.25140380859375,318.98,389.7,42.92,22.48,8.06,13.87,490.36,7.07,27.28,5.96,False,True,True,False,False,True,False,False,side dish,otro,"1 1/3 cups brown rice flour, 1/2 tablespoon brown sugar, 1 large carrot, scrubbed and grated, pinch of cayenne, 1 3/4 cups of coconut milk + water if needed, 1 medium daikon radish, scrubbed and grated, 1 egg, beaten, 1 cup enoki mushrooms, trimmed, 2/3 cup fresh basil leaves, roughly chopped, 1-inch piece fresh ginger, grated, 1/4 cup fresh mint leaves, trimmed and roughly chopped, 1 cup fresh parsley or cilantro, roughly chopped, 1 clove garlic, crushed, 1 fresh green chili, seeded and minced, 2 fresh green chilies, seeded and sliced into small strips, 4 green onions, washed and cut on an angle, juice from 2 limes, 1 cup mung bean sprouts (see note below), 2 fresh red chilies, seeded and minced, 1 tablespoon rice vinegar, 1/2 teaspoon sea salt, 1 1/2 tablespoons toasted sesame oil, sesame oil for frying, 1 1/2 cups snow peas, sliced into small strips, 1 tablespoon tamari sauce, 1 teaspoon turmeric"
Salmon Quinoa Risotto,4,45,,,100.0,95.18408203125,382.96,404.86,39.45,18.17,21.98,2.54,1150.87,6.44,38.98,5.99,False,True,True,False,False,False,True,False,"side dish, lunch, main course, main dish, dinner",almuerzo/cena,"1 cup Quinoa, 1 medium Onion (diced), 8 Leaves of Kale (stems removed and cut into ribbons), 5 Garlic Cloves (finely chopped), 3 tablespoons Olive Oil (divided), 10 ounces Poached Salmon (flaked)*, 32 ounces Organic Vegetable Stock, Salt, Pepper"
Gluten Free Dairy Free Sugar Free Chinese Chicken Salad,6,45,,,98.0,95.17662048339844,305.98,363.77,28.7,15.42,30.96,2.62,317.98,16.18,73.1,6.91,False,True,True,False,False,False,True,False,"side dish, lunch, main course, salad, main dish, dinner",almuerzo/cena,"1 tsp. (5ml) of organic apple cider vinegar, 1 teaspoon crushed black pepper, 1 1/2 tablespoons black sesame seeds, 3 carrots, 1/4 C extra virgin olive oil + 7-8 Tbsp for frying, 1/2 green cabbage, 1/2 teaspoon kosher salt, 6-8 fresh satsuma mandarins, 1/2 red cabbage, 3 chicken breasts (bone in, preferably organic) roasted and shredded, 2 bunches romaine lettuce hearts, 6 scallions, 3 tablespoons sesame oil, juice of 1 mandarin (cut crosswise then tablespoon into jar over a strainer), 3 tablespoons white sesame seeds, 1 1/2 tablespoons xylitol (I use Epic Dental brand)"
